{"count":1,"self":87.0212736,"total":283.9631561,"children":{"InitializeActuators":{"count":6,"self":0.0010050999999999999,"total":0.0010050999999999999,"children":null},"InitializeSensors":{"count":6,"self":0.0010049,"total":0.0010049,"children":null},"AgentSendState":{"count":69567,"self":0.40590719999999997,"total":1.6463881,"children":{"CollectObservations":{"count":83484,"self":0.29667859999999996,"total":0.29667859999999996,"children":null},"WriteActionMask":{"count":83484,"self":0.042979699999999996,"total":0.042979699999999996,"children":null},"RequestDecision":{"count":83484,"self":0.2654823,"total":0.90082259999999992,"children":{"AgentInfo.ToProto":{"count":83484,"self":0.2460687,"total":0.6353403,"children":{"GenerateSensorData":{"count":83484,"self":0.3892716,"total":0.3892716,"children":null}}}}}}},"DecideAction":{"count":69567,"self":193.678656,"total":193.67865619999998,"children":null},"AgentAct":{"count":69567,"self":1.5876774999999999,"total":1.5876774999999999,"children":null},"AgentInfo.ToProto":{"count":1446,"self":0.013805699999999999,"total":0.025637999999999998,"children":{"GenerateSensorData":{"count":1446,"self":0.011832299999999999,"total":0.011832299999999999,"children":null}}}},"gauges":{"BrickBreaker.CumulativeReward":{"count":1446,"max":27.1760349,"min":-6.180807,"runningAverage":-0.195866123,"value":4.73500347,"weightedAverage":0.180438131}},"metadata":{"timer_format_version":"0.1.0","start_time_seconds":"1772643220","unity_version":"2022.3.62f2","command_line_arguments":"C:\\Program Files\\Unity\\Hub\\Editor\\2022.3.62f2\\Editor\\Unity.exe -projectpath C:\\Users\\LEGION\\Desktop\\Jeu-RL -useHub -hubIPC -cloudEnvironment production -licensingIpc LicenseClient-LEGION -hubSessionId 29021168-6eed-408d-b38b-ef005699f83f -accessToken IdgAF2urdG_2BjwB9v2Mc6CcFLZ_FL9I5YXxRaeucPQ012f","communication_protocol_version":"1.5.0","com.unity.ml-agents_version":"2.0.2","scene_name":"Level1 1-RL","end_time_seconds":"1772643504"}}